distance_m,cache_tiles,world_center_x,traced_current_mb,traced_peak_mb,cache_bytes_est,elapsed_s
0.0,25,0,0.0004,0.0028,5600,0.0
50.0,70,9,0.0253,2.116,15680,0.05
100.0,120,19,0.0479,2.1385,26880,0.1
150.0,170,29,0.0697,2.1604,38080,0.15
200.0,220,39,0.0944,2.1851,49280,0.21
250.0,270,49,0.1131,2.2038,60480,0.27
300.0,320,59,0.1318,2.2224,71680,0.32
350.0,370,69,0.1589,2.2497,82880,0.38
400.0,420,79,0.178,2.2687,94080,0.44
450.0,470,89,0.1959,2.2866,105280,0.49
500.0,520,99,0.2127,2.3034,116480,0.54
550.0,570,109,0.2305,2.3212,127680,0.6
600.0,620,119,0.2486,2.3393,138880,0.66
650.0,670,129,0.2659,2.3566,150080,0.71
700.0,720,139,0.3027,2.3935,161280,0.77
750.0,770,149,0.3208,2.4115,172480,0.82
800.0,820,159,0.3393,2.4301,183680,0.87
850.0,870,169,0.3576,2.4483,194880,0.93
900.0,920,179,0.3747,2.4654,206080,0.98
950.0,970,189,0.393,2.4837,217280,1.04
1000.0,1020,199,0.4115,2.5023,228480,1.1
1050.0,1070,209,0.4308,2.5215,239680,1.16
1100.0,1120,219,0.4484,2.5391,250880,1.22
1150.0,1170,229,0.4666,2.5573,262080,1.27
1200.0,1220,239,0.4856,2.5763,273280,1.33
1250.0,1270,249,0.5037,2.5945,284480,1.38
1300.0,1320,259,0.5174,2.6083,295680,1.44
1350.0,1370,269,0.5675,2.6584,306880,1.49
1400.0,1420,279,0.5795,2.6704,318080,1.54
1450.0,1470,289,0.5889,2.6798,329280,1.6
1500.0,1520,299,0.5981,2.689,340480,1.66
1550.0,1570,309,0.6073,2.6982,351680,1.72
1600.0,1620,319,0.6167,2.7076,362880,1.78
1650.0,1670,329,0.6259,2.7169,374080,1.83
1700.0,1720,339,0.6352,2.7262,385280,1.9
1750.0,1770,349,0.6445,2.7354,396480,1.96
1800.0,1820,359,0.6538,2.7448,407680,2.01
1850.0,1870,369,0.663,2.7539,418880,2.07
1900.0,1920,379,0.6723,2.7632,430080,2.13
1950.0,1970,389,0.6814,2.7724,441280,2.19
2000.0,2020,399,0.6908,2.7817,452480,2.24
2050.0,2070,409,0.7001,2.791,463680,2.3
2100.0,2120,419,0.7095,2.8004,474880,2.36
2150.0,2170,429,0.7186,2.8095,486080,2.41
2200.0,2220,439,0.7279,2.8188,497280,2.47
2250.0,2270,449,0.7371,2.8281,508480,2.52
2300.0,2320,459,0.7465,2.8375,519680,2.57
2350.0,2370,469,0.7558,2.8467,530880,2.63
2400.0,2420,479,0.765,2.856,542080,2.69
2450.0,2470,489,0.7741,2.8651,553280,2.75
2500.0,2520,499,0.7834,2.8744,564480,2.8
2550.0,2570,509,0.7929,2.8838,575680,2.86
2600.0,2620,519,0.802,2.8929,586880,2.92
2650.0,2670,529,0.8113,2.9023,598080,2.97
2700.0,2720,539,0.8205,2.9115,609280,3.03
2750.0,2770,549,0.9035,2.9944,620480,3.08
2800.0,2820,559,0.9129,3.0038,631680,3.13
2850.0,2870,569,0.9221,3.013,642880,3.18
2900.0,2920,579,0.9314,3.0223,654080,3.24
2950.0,2970,589,0.9407,3.0316,665280,3.3
3000.0,3020,599,0.9499,3.0408,676480,3.35
3050.0,3070,609,0.9592,3.0501,687680,3.41
3100.0,3120,619,0.9684,3.0593,698880,3.47
3150.0,3170,629,0.9776,3.0685,710080,3.52
3200.0,3220,639,0.9869,3.0779,721280,3.58
3250.0,3270,649,0.9962,3.0872,732480,3.63
3300.0,3320,659,1.0056,3.0965,743680,3.69
3350.0,3370,669,1.0148,3.1058,754880,3.75
3400.0,3420,679,1.024,3.1149,766080,3.8
3450.0,3470,689,1.0333,3.1242,777280,3.85
3500.0,3520,699,1.0426,3.1336,788480,3.91
3550.0,3570,709,1.0518,3.1428,799680,3.96
3600.0,3620,719,1.0611,3.152,810880,4.01
3650.0,3670,729,1.0703,3.1613,822080,4.07
3700.0,3720,739,1.0796,3.1705,833280,4.13
3750.0,3770,749,1.0888,3.1798,844480,4.18
3800.0,3820,759,1.0981,3.1891,855680,4.24
3850.0,3870,769,1.1075,3.1985,866880,4.32
3900.0,3920,779,1.1168,3.2077,878080,4.37
3950.0,3970,789,1.1261,3.217,889280,4.42
4000.0,4020,799,1.1354,3.2264,900480,4.48
4050.0,4070,809,1.1446,3.2356,911680,4.54
4100.0,4120,819,1.1538,3.2447,922880,4.59
4150.0,4170,829,1.1631,3.254,934080,4.65
4200.0,4220,839,1.1724,3.2633,945280,4.71
4250.0,4270,849,1.1818,3.2727,956480,4.76
4300.0,4320,859,1.1908,3.2817,967680,4.82
4350.0,4370,869,1.2001,3.291,978880,4.87
4400.0,4420,879,1.2095,3.3004,990080,4.93
4450.0,4470,889,1.2186,3.3095,1001280,4.98
4500.0,4520,899,1.2279,3.3188,1012480,5.04
4550.0,4570,909,1.2372,3.3281,1023680,5.09
4600.0,4620,919,1.2464,3.3374,1034880,5.15
4650.0,4670,929,1.2558,3.3467,1046080,5.2
4700.0,4720,939,1.2651,3.356,1057280,5.25
4750.0,4770,949,1.2744,3.3653,1068480,5.31
4800.0,4820,959,1.2836,3.3745,1079680,5.37
4850.0,4870,969,1.2928,3.3838,1090880,5.42
4900.0,4920,979,1.3021,3.393,1102080,5.48
4950.0,4970,989,1.3113,3.4023,1113280,5.53
5000.0,5020,999,1.3206,3.4116,1124480,5.59
5050.0,5070,1009,1.33,3.4209,1135680,5.65
5100.0,5120,1019,1.3392,3.4301,1146880,5.7
5150.0,5170,1029,1.3484,3.4394,1158080,5.76
5200.0,5220,1039,1.3576,3.4486,1169280,5.82
5250.0,5270,1049,1.3669,3.4579,1180480,5.88
5300.0,5320,1059,1.3761,3.467,1191680,5.93
5350.0,5370,1069,1.3854,3.4764,1202880,5.98
5400.0,5420,1079,1.3948,3.4858,1214080,6.04
5450.0,5470,1089,1.5517,3.6426,1225280,6.1
5500.0,5520,1099,1.5609,3.6518,1236480,6.16
5550.0,5570,1109,1.5702,3.6612,1247680,6.21
5600.0,5620,1119,1.5793,3.6703,1258880,6.26
5650.0,5670,1129,1.5886,3.6796,1270080,6.32
5700.0,5720,1139,1.5979,3.6888,1281280,6.37
5750.0,5770,1149,1.6071,3.6981,1292480,6.42
5800.0,5820,1159,1.6164,3.7074,1303680,6.48
5850.0,5870,1169,1.6256,3.7165,1314880,6.54
5900.0,5920,1179,1.6349,3.7259,1326080,6.6
5950.0,5970,1189,1.6442,3.7352,1337280,6.65
6000.0,6020,1199,1.6534,3.7444,1348480,6.7
6050.0,6070,1209,1.6627,3.7537,1359680,6.76
6100.0,6120,1219,1.6719,3.7629,1370880,6.83
6150.0,6170,1229,1.6813,3.7723,1382080,6.89
6200.0,6220,1239,1.6905,3.7814,1393280,6.95
6250.0,6270,1249,1.6998,3.7907,1404480,7.0
6300.0,6320,1259,1.709,3.7999,1415680,7.06
6350.0,6370,1269,1.7182,3.8091,1426880,7.11
6400.0,6420,1279,1.7275,3.8185,1438080,7.17
6450.0,6470,1289,1.7369,3.8278,1449280,7.22
6500.0,6520,1299,1.7462,3.8372,1460480,7.28
6550.0,6570,1309,1.7554,3.8463,1471680,7.34
6600.0,6620,1319,1.7648,3.8557,1482880,7.39
6650.0,6670,1329,1.774,3.8649,1494080,7.45
6700.0,6720,1339,1.7833,3.8742,1505280,7.5
6750.0,6770,1349,1.7924,3.8834,1516480,7.56
6800.0,6820,1359,1.8018,3.8927,1527680,7.62
6850.0,6870,1369,1.811,3.902,1538880,7.67
6900.0,6920,1379,1.8203,3.9112,1550080,7.73
6950.0,6970,1389,1.8294,3.9204,1561280,7.78
7000.0,7020,1399,1.839,3.9299,1572480,7.83
7050.0,7070,1409,1.8481,3.9391,1583680,7.89
7100.0,7120,1419,1.8574,3.9483,1594880,7.94
7150.0,7170,1429,1.8665,3.9574,1606080,8.0
7200.0,7220,1439,1.8757,3.9667,1617280,8.05
7250.0,7270,1449,1.8851,3.976,1628480,8.1
7300.0,7320,1459,1.8944,3.9854,1639680,8.16
7350.0,7370,1469,1.9036,3.9946,1650880,8.21
7400.0,7420,1479,1.9128,4.0038,1662080,8.27
7450.0,7470,1489,1.9224,4.0134,1673280,8.33
7500.0,7520,1499,1.9315,4.0225,1684480,8.39
7550.0,7570,1509,1.9409,4.0318,1695680,8.44
7600.0,7620,1519,1.9502,4.0411,1706880,8.5
7650.0,7670,1529,1.9593,4.0503,1718080,8.56
7700.0,7720,1539,1.9687,4.0596,1729280,8.61
7750.0,7770,1549,1.9778,4.0688,1740480,8.66
7800.0,7820,1559,1.9871,4.0781,1751680,8.72
7850.0,7870,1569,1.9965,4.0874,1762880,8.77
7900.0,7920,1579,2.0058,4.0967,1774080,8.83
7950.0,7970,1589,2.0151,4.106,1785280,8.88
8000.0,8020,1599,2.0241,4.1151,1796480,8.94
8050.0,8070,1609,2.0334,4.1243,1807680,8.99
8100.0,8120,1619,2.0427,4.1337,1818880,9.05
8150.0,8170,1629,2.052,4.143,1830080,9.1
8200.0,8220,1639,2.0613,4.1522,1841280,9.16
8250.0,8270,1649,2.0705,4.1614,1852480,9.22
8300.0,8320,1659,2.0797,4.1706,1863680,9.27
8350.0,8370,1669,2.0891,4.18,1874880,9.33
8400.0,8420,1679,2.0984,4.1893,1886080,9.39
8450.0,8470,1689,2.1076,4.1986,1897280,9.45
8500.0,8520,1699,2.1168,4.2078,1908480,9.5
8550.0,8570,1709,2.126,4.2169,1919680,9.55
8600.0,8620,1719,2.1354,4.2263,1930880,9.61
8650.0,8670,1729,2.1448,4.2357,1942080,9.67
8700.0,8720,1739,2.154,4.245,1953280,9.72
8750.0,8770,1749,2.1633,4.2543,1964480,9.78
8800.0,8820,1759,2.1726,4.2635,1975680,9.83
8850.0,8870,1769,2.1819,4.2729,1986880,9.88
8900.0,8920,1779,2.191,4.282,1998080,9.94
8950.0,8970,1789,2.2003,4.2912,2009280,10.0
9000.0,9020,1799,2.2096,4.3005,2020480,10.05
9050.0,9070,1809,2.2188,4.3098,2031680,10.1
9100.0,9120,1819,2.2281,4.319,2042880,10.15
9150.0,9170,1829,2.2374,4.3283,2054080,10.21
9200.0,9220,1839,2.2467,4.3376,2065280,10.27
9250.0,9270,1849,2.256,4.3469,2076480,10.32
9300.0,9320,1859,2.2652,4.3562,2087680,10.38
9350.0,9370,1869,2.2744,4.3653,2098880,10.43
9400.0,9420,1879,2.2838,4.3747,2110080,10.49
9450.0,9470,1889,2.2929,4.3838,2121280,10.55
9500.0,9520,1899,2.3022,4.3932,2132480,10.6
9550.0,9570,1909,2.3115,4.4024,2143680,10.65
9600.0,9620,1919,2.3207,4.4116,2154880,10.71
9650.0,9670,1929,2.33,4.4209,2166080,10.76
9700.0,9720,1939,2.3392,4.4301,2177280,10.82
9750.0,9770,1949,2.3485,4.4394,2188480,10.88
9800.0,9820,1959,2.3577,4.4487,2199680,10.93
9850.0,9870,1969,2.367,4.4579,2210880,10.99
9900.0,9920,1979,2.3763,4.4673,2222080,11.04
9950.0,9970,1989,2.3856,4.4765,2233280,11.1
10000.0,10020,1999,2.3948,4.4857,2244480,11.15
10050.0,10070,2009,2.4044,4.4953,2255680,11.2
10100.0,10120,2019,2.4136,4.5045,2266880,11.26
10150.0,10170,2029,2.4229,4.5138,2278080,11.31
10200.0,10220,2039,2.4322,4.5231,2289280,11.37
10250.0,10270,2049,2.4414,4.5324,2300480,11.43
10300.0,10320,2059,2.4506,4.5415,2311680,11.48
10350.0,10370,2069,2.4599,4.5508,2322880,11.54
10400.0,10420,2079,2.4692,4.5601,2334080,11.59
10450.0,10470,2089,2.4785,4.5695,2345280,11.65
10500.0,10520,2099,2.4877,4.5787,2356480,11.71
10550.0,10570,2109,2.4969,4.5879,2367680,11.76
10600.0,10620,2119,2.5062,4.5971,2378880,11.81
10650.0,10670,2129,2.5154,4.6063,2390080,11.87
10700.0,10720,2139,2.5248,4.6157,2401280,11.93
10750.0,10770,2149,2.534,4.6249,2412480,11.99
10800.0,10820,2159,2.5432,4.6341,2423680,12.05
10850.0,10870,2169,2.5526,4.6435,2434880,12.1
10900.0,10920,2179,2.5618,4.6527,2446080,12.17
10950.0,10970,2189,2.8659,4.9569,2457280,12.23
11000.0,11020,2199,2.8752,4.9662,2468480,12.28
11050.0,11070,2209,2.8846,4.9755,2479680,12.33
11100.0,11120,2219,2.8937,4.9846,2490880,12.39
11150.0,11170,2229,2.903,4.994,2502080,12.45
11200.0,11220,2239,2.9122,5.0032,2513280,12.51
11250.0,11270,2249,2.9215,5.0125,2524480,12.56
11300.0,11320,2259,2.9308,5.0217,2535680,12.62
11350.0,11370,2269,2.9401,5.031,2546880,12.68
11400.0,11420,2279,2.9493,5.0403,2558080,12.74
11450.0,11470,2289,2.9586,5.0495,2569280,12.8
11500.0,11520,2299,2.9678,5.0588,2580480,12.85
11550.0,11570,2309,2.9771,5.068,2591680,12.9
11600.0,11620,2319,2.9863,5.0772,2602880,12.96
11650.0,11670,2329,2.9959,5.0869,2614080,13.02
11700.0,11720,2339,3.0051,5.096,2625280,13.07
11750.0,11770,2349,3.0144,5.1054,2636480,13.13
11800.0,11820,2359,3.0236,5.1146,2647680,13.19
11850.0,11870,2369,3.0328,5.1237,2658880,13.25
11900.0,11920,2379,3.0422,5.1332,2670080,13.31
11950.0,11970,2389,3.0515,5.1424,2681280,13.37
12000.0,12020,2399,3.0607,5.1517,2692480,13.42
12050.0,12070,2409,2.9618,5.1574,2703680,13.49
12100.0,12120,2419,2.974,5.1574,2714880,13.54
12150.0,12170,2429,2.9884,5.1574,2726080,13.6
12200.0,12220,2439,3.0025,5.1574,2737280,13.66
12250.0,12270,2449,3.0166,5.1574,2748480,13.72
12300.0,12320,2459,3.0297,5.1574,2759680,13.78
12350.0,12370,2469,3.0429,5.1574,2770880,13.83
12400.0,12420,2479,3.0562,5.1574,2782080,13.89
12450.0,12470,2489,3.0692,5.1601,2793280,13.95
12500.0,12520,2499,3.082,5.1729,2804480,14.01
12550.0,12570,2509,3.095,5.1859,2815680,14.06
12600.0,12620,2519,3.1093,5.2001,2826880,14.12
12650.0,12670,2529,3.1228,5.2137,2838080,14.17
12700.0,12720,2539,3.1362,5.2271,2849280,14.23
12750.0,12770,2549,3.15,5.2409,2860480,14.28
12800.0,12820,2559,3.1631,5.254,2871680,14.34
12850.0,12870,2569,3.1758,5.2667,2882880,14.39
12900.0,12920,2579,3.1893,5.2802,2894080,14.45
12950.0,12970,2589,3.2025,5.2934,2905280,14.5
13000.0,13020,2599,3.2164,5.3073,2916480,14.56
13050.0,13070,2609,3.229,5.3198,2927680,14.62
13100.0,13120,2619,3.2428,5.3337,2938880,14.68
13150.0,13170,2629,3.2566,5.3475,2950080,14.74
13200.0,13220,2639,3.2702,5.3611,2961280,14.8
13250.0,13270,2649,3.2844,5.3753,2972480,14.87
13300.0,13320,2659,3.2989,5.3898,2983680,14.93
13350.0,13370,2669,3.3129,5.4038,2994880,14.98
13400.0,13420,2679,3.3255,5.4164,3006080,15.04
13450.0,13470,2689,3.3354,5.4263,3017280,15.1
13500.0,13520,2699,3.3445,5.4354,3028480,15.15
13550.0,13570,2709,3.3541,5.445,3039680,15.21
13600.0,13620,2719,3.3633,5.4542,3050880,15.27
13650.0,13670,2729,3.3727,5.4636,3062080,15.33
13700.0,13720,2739,3.382,5.4729,3073280,15.39
13750.0,13770,2749,3.3913,5.4822,3084480,15.45
13800.0,13820,2759,3.4006,5.4915,3095680,15.51
13850.0,13870,2769,3.41,5.5009,3106880,15.56
13900.0,13920,2779,3.4193,5.5102,3118080,15.62
13950.0,13970,2789,3.4285,5.5194,3129280,15.69
14000.0,14020,2799,3.4378,5.5287,3140480,15.76
14050.0,14070,2809,3.4472,5.5381,3151680,15.82
14100.0,14120,2819,3.4563,5.5472,3162880,15.89
14150.0,14170,2829,3.4659,5.5568,3174080,15.95
14200.0,14220,2839,3.4753,5.5662,3185280,16.01
14250.0,14270,2849,3.4846,5.5755,3196480,16.07
14300.0,14320,2859,3.4938,5.5847,3207680,16.12
14350.0,14370,2869,3.5032,5.5941,3218880,16.18
14400.0,14420,2879,3.5124,5.6033,3230080,16.24
14450.0,14470,2889,3.5218,5.6126,3241280,16.3
14500.0,14520,2899,3.531,5.6219,3252480,16.36
14550.0,14570,2909,3.5404,5.6313,3263680,16.41
14600.0,14620,2919,3.5499,5.6408,3274880,16.48
14650.0,14670,2929,3.5591,5.6499,3286080,16.54
14700.0,14720,2939,3.5684,5.6593,3297280,16.6
14750.0,14770,2949,3.5777,5.6686,3308480,16.66
14800.0,14820,2959,3.5871,5.678,3319680,16.72
14850.0,14870,2969,3.5963,5.6872,3330880,16.77
14900.0,14920,2979,3.6058,5.6967,3342080,16.83
14950.0,14970,2989,3.615,5.7059,3353280,16.88
15000.0,15020,2999,3.6243,5.7152,3364480,16.94
15050.0,15070,3009,3.6336,5.7245,3375680,17.0
15100.0,15120,3019,3.6429,5.7338,3386880,17.06
15150.0,15170,3029,3.6522,5.743,3398080,17.11
15200.0,15220,3039,3.6614,5.7523,3409280,17.17
15250.0,15270,3049,3.671,5.7619,3420480,17.22
15300.0,15320,3059,3.6803,5.7712,3431680,17.28
15350.0,15370,3069,3.6896,5.7805,3442880,17.34
15400.0,15420,3079,3.699,5.7898,3454080,17.4
15450.0,15470,3089,3.7086,5.7995,3465280,17.46
15500.0,15520,3099,3.7179,5.8088,3476480,17.52
15550.0,15570,3109,3.7272,5.8181,3487680,17.58
15600.0,15620,3119,3.7365,5.8274,3498880,17.63
15650.0,15670,3129,3.7458,5.8367,3510080,17.69
15700.0,15720,3139,3.755,5.846,3521280,17.75
15750.0,15770,3149,3.7644,5.8553,3532480,17.81
15800.0,15820,3159,3.7736,5.8645,3543680,17.88
15850.0,15870,3169,3.7829,5.8739,3554880,17.95
15900.0,15920,3179,3.7921,5.883,3566080,18.02
15950.0,15970,3189,3.8014,5.8923,3577280,18.08
16000.0,16020,3199,3.8105,5.9015,3588480,18.14
16050.0,16070,3209,3.8198,5.9107,3599680,18.21
16100.0,16120,3219,3.8292,5.9202,3610880,18.28
16150.0,16170,3229,3.8383,5.9293,3622080,18.36
16200.0,16220,3239,3.8476,5.9385,3633280,18.45
16250.0,16270,3249,3.8569,5.9478,3644480,18.54
16300.0,16320,3259,3.8662,5.9572,3655680,18.64
16350.0,16370,3269,3.8754,5.9664,3666880,18.72
16400.0,16420,3279,3.8847,5.9756,3678080,18.79
16450.0,16470,3289,3.8939,5.9849,3689280,18.86
16500.0,16520,3299,3.9032,5.9941,3700480,18.94
16550.0,16570,3309,3.9126,6.0035,3711680,19.02
16600.0,16620,3319,3.9217,6.0126,3722880,19.11
16650.0,16670,3329,3.931,6.022,3734080,19.2
16700.0,16720,3339,3.9402,6.0312,3745280,19.29
16750.0,16770,3349,3.9496,6.0405,3756480,19.35
16800.0,16820,3359,3.9588,6.0497,3767680,19.42
16850.0,16870,3369,3.9681,6.059,3778880,19.48
16900.0,16920,3379,3.9773,6.0683,3790080,19.55
16950.0,16970,3389,3.9866,6.0775,3801280,19.61
17000.0,17020,3399,3.9959,6.0868,3812480,19.69
17050.0,17070,3409,4.0051,6.096,3823680,19.75
17100.0,17120,3419,4.0144,6.1053,3834880,19.81
17150.0,17170,3429,4.0236,6.1145,3846080,19.87
17200.0,17220,3439,4.0329,6.1238,3857280,19.93
17250.0,17270,3449,4.0421,6.133,3868480,19.98
17300.0,17320,3459,4.0514,6.1424,3879680,20.04
17350.0,17370,3469,4.0607,6.1516,3890880,20.1
17400.0,17420,3479,4.0698,6.1607,3902080,20.17
17450.0,17470,3489,4.0792,6.1701,3913280,20.22
17500.0,17520,3499,4.0884,6.1793,3924480,20.28
17550.0,17570,3509,4.0977,6.1887,3935680,20.34
17600.0,17620,3519,4.1069,6.1978,3946880,20.4
17650.0,17670,3529,4.1165,6.2074,3958080,20.46
17700.0,17720,3539,4.1259,6.2168,3969280,20.52
17750.0,17770,3549,4.1351,6.226,3980480,20.58
17800.0,17820,3559,4.1443,6.2352,3991680,20.65
17850.0,17870,3569,4.1537,6.2446,4002880,20.71
17900.0,17920,3579,4.1629,6.2539,4014080,20.77
17950.0,17970,3589,4.1721,6.263,4025280,20.84
18000.0,18020,3599,4.1814,6.2724,4036480,20.9
18050.0,18070,3609,4.1906,6.2816,4047680,20.96
18100.0,18120,3619,4.1998,6.2908,4058880,21.02
18150.0,18170,3629,4.2092,6.3001,4070080,21.08
18200.0,18220,3639,4.2183,6.3093,4081280,21.14
18250.0,18270,3649,4.2276,6.3186,4092480,21.21
18300.0,18320,3659,4.237,6.3279,4103680,21.27
18350.0,18370,3669,4.2463,6.3372,4114880,21.32
18400.0,18420,3679,4.2555,6.3464,4126080,21.39
18450.0,18470,3689,4.2647,6.3556,4137280,21.44
18500.0,18520,3699,4.274,6.365,4148480,21.5
18550.0,18570,3709,4.2832,6.3741,4159680,21.56
18600.0,18620,3719,4.2925,6.3834,4170880,21.63
18650.0,18670,3729,4.3019,6.3929,4182080,21.68
18700.0,18720,3739,4.3109,6.4019,4193280,21.75
18750.0,18770,3749,4.3202,6.4112,4204480,21.81
18800.0,18820,3759,4.3296,6.4205,4215680,21.89
18850.0,18870,3769,4.3387,6.4296,4226880,21.96
18900.0,18920,3779,4.3481,6.439,4238080,22.01
18950.0,18970,3789,4.3574,6.4483,4249280,22.07
19000.0,19020,3799,4.3666,6.4576,4260480,22.13
19050.0,19070,3809,4.3758,6.4668,4271680,22.2
19100.0,19120,3819,4.3851,6.4761,4282880,22.29
19150.0,19170,3829,4.3944,6.4854,4294080,22.38
19200.0,19220,3839,4.4036,6.4946,4305280,22.47
19250.0,19270,3849,4.4129,6.5038,4316480,22.53
19300.0,19320,3859,4.4222,6.5131,4327680,22.6
19350.0,19370,3869,4.4314,6.5223,4338880,22.66
19400.0,19420,3879,4.4407,6.5316,4350080,22.72
19450.0,19470,3889,4.4499,6.5409,4361280,22.79
19500.0,19520,3899,4.4592,6.5502,4372480,22.87
19550.0,19570,3909,4.4685,6.5594,4383680,22.94
19600.0,19620,3919,4.4778,6.5688,4394880,23.0
19650.0,19670,3929,4.4871,6.5781,4406080,23.07
19700.0,19720,3939,4.4962,6.5872,4417280,23.13
19750.0,19770,3949,4.5055,6.5965,4428480,23.19
19800.0,19820,3959,4.5148,6.6057,4439680,23.26
19850.0,19870,3969,4.5241,6.6151,4450880,23.32
19900.0,19920,3979,4.5333,6.6242,4462080,23.38
19950.0,19970,3989,4.5426,6.6335,4473280,23.44
20000.0,20020,3999,4.5518,6.6428,4484480,23.5
20000.0,20020,3999,4.5525,6.6428,4484480,23.5
